,content,email,product_id,status,name,photo_urls,created_at,rating,product_title,product_sku,product_url,product_handle,country_code
4,"3enjad waw. 7attayt review men sawart abil w ba3id, bi bayin bi woudo7 l fari2. Sta3malta la meddit 2 mois bas 3enjad keno ktir yiz3june hole w ra7o 3njd ma twa23t ana elt bjrb merci",,8682592272606,published,Roula nohra,"https://firebasestorage.googleapis.com/v0/b/air-reviews.appspot.com/o/submitReview%2FReBzPOMbwJOuBPUUG09U%2F1736619845954_IMG_9614.webp?alt=media&token=72f07414-2591-46a0-b620-8c7803f17873, https://firebasestorage.googleapis.com/v0/b/air-reviews.appspot.com/o/submitReview%2FReBzPOMbwJOuBPUUG09U%2F1736619854067_IMG_9614.webp?alt=media&token=f5b53336-b527-4ce2-9221-76807c90b42e",2025-01-11T18:26:00.526Z,5,The Revo Cup Max,,https://skinitii.com/products/the-revo-cup-max,the-revo-cup-max-1,IT
6,"5 stars for customer service, i loved the machine too",,8682592272606,published,Nada ,,2025-01-08T11:04:12.323Z,5,The Revo Cup Max,,https://skinitii.com/products/the-revo-cup-max,the-revo-cup-max-1,IT
8,"ktir mni7a l machine saraha ,am est3mla lal cellulite w lal massage 3de, bs ma byeje m3a oil yrt byeje",,8682592272606,published,Fatima A.,,2025-01-05T00:50:34.418Z,4,The Revo Cup Max,,https://skinitii.com/products/the-revo-cup-max,the-revo-cup-max-1,IT
9,Good packaging. Suction is very strong i am surprised. I love it so much till now,,8682592272606,published,Reem ,,2025-01-05T00:47:24.404Z,5,The Revo Cup Max,,https://skinitii.com/products/the-revo-cup-max,the-revo-cup-max-1,IT
12,"ktir 7marou ijrayi awal chi bas rej3ou khaffou, ba3dni mbalchi fiha yimkin ma t3awdtt, bas ktir 7abbit lnatijiii min ne7yit l chad",rim_ass@gmail.com,8682592272606,published,Rim assaf ,https://firebasestorage.googleapis.com/v0/b/air-reviews.appspot.com/o/submitReview%2FReBzPOMbwJOuBPUUG09U%2F1730979153098_IMG_6541.webp?alt=media&token=d077a6a9-033b-444c-92fb-f30ec4940658,2024-11-07T11:33:30.678Z,5,The Revo Cup Max,,https://skinitii.com/products/the-revo-cup-max,the-revo-cup-max-1,IT
13,Where is my review??,Randa.z@hotmail.com,8205978239198,published,Randa,,2024-11-03T21:19:25.693Z,5,The Revo Cup,,https://skinitii.com/products/the-cup,the-revu-cup,LB
14,To test reviews,Fahed@hotmail.com,8205978239198,published,Hanane,,2024-11-03T21:17:38.507Z,5,The Revo Cup,,https://skinitii.com/products/the-cup,the-revu-cup,LB
15,üëçüèª,,8682592272606,published,M.,,2024-10-30T18:57:13.041Z,5,The Revo Cup Max,,https://skinitii.com/products/the-revo-cup-max,the-revo-cup-max-1,IT
16,"Been using it for 2 months and i wish i bought it before summer!! Can‚Äôt wait for the beach, thank you skinitiiüíóüíóüíó",,8682592272606,published,Leen ,,2024-10-30T18:56:18.297Z,5,The Revo Cup Max,,https://skinitii.com/products/the-revo-cup-max,the-revo-cup-max-1,IT
17,Does the trick,,8682592272606,published,Angela youssef,,2024-10-26T15:31:51.317Z,4,The Revo Cup Max,,https://skinitii.com/products/the-revo-cup-max,the-revo-cup-max-1,IT
18,"Highly recommend, exactly what i was looking for!!",,8682592272606,published,Clara,,2024-10-25T10:43:31.124Z,5,The Revo Cup Max,,https://skinitii.com/products/the-revo-cup-max,the-revo-cup-max-1,IT
19,"wala mara b7at review bas 3anjad I‚Äôm amazed. I didn‚Äôt take it seriously at first, i took a picture of the before bas heyk la chouf progress ele. w3anjad 3anjad amazing! I works out regularly, ate well and used the device 3-4 times a week for 2 straight months w 3anjad maba3ref chou oul ma twa2a3et hek natije. I put the review 3enjad lal 3alam li metle akhadou bas la yjarbo, be consistent w take it seriously w betshoufo natije!",,8682592272606,published,Clarissa M.,https://firebasestorage.googleapis.com/v0/b/air-reviews.appspot.com/o/submitReview%2FReBzPOMbwJOuBPUUG09U%2F1729684334957_photo-output.webp?alt=media&token=f5c15879-95de-4111-ab4b-4ca58da1ada8,2024-10-23T11:54:32.651Z,5,The Revo Cup Max,,https://skinitii.com/products/the-revo-cup-max,the-revo-cup-max-1,IT
20,"Amazinggg!!! ktirrrr 7abbet. Ma Twa2a3et heik. I have been using it for 2 months, doing constant sessions with oil w wawww. I tried to put a before and after picture w aanjad bil soura mech mbayan l fare2 ad ma ana chefto in real life.",,8682592272606,published,Sahar ,"https://firebasestorage.googleapis.com/v0/b/air-reviews.appspot.com/o/submitReview%2FReBzPOMbwJOuBPUUG09U%2F1728914705578_IMG_5910.webp?alt=media&token=30b0c1e2-6287-4080-8185-6e64bb553148, https://firebasestorage.googleapis.com/v0/b/air-reviews.appspot.com/o/submitReview%2FReBzPOMbwJOuBPUUG09U%2F1728914705579_IMG_5909.webp?alt=media&token=18fd97b7-d4c5-423f-8d2c-ac541eaba42b",2024-10-14T14:05:22.786Z,5,The Revo Cup Max,,https://skinitii.com/products/the-revo-cup-max,the-revo-cup-max-1,IT
21,Scary at first but once you get used to it so relaxing,,8682592272606,published,Joe,https://firebasestorage.googleapis.com/v0/b/air-reviews.appspot.com/o/submitReview%2FReBzPOMbwJOuBPUUG09U%2F1728244949608_IMG_5766.webp?alt=media&token=1d0f3475-9bb8-4240-ae25-788df1fbd7c9,2024-10-06T20:03:16.403Z,5,The Revo Cup Max,,https://skinitii.com/products/the-revo-cup-max,the-revo-cup-max-1,IT
22,"ktir awe for people who workout, 5/5 stars totally deserved",,8682592272606,published,Shady ,"https://firebasestorage.googleapis.com/v0/b/air-reviews.appspot.com/o/submitReview%2FReBzPOMbwJOuBPUUG09U%2F1728244891485_IMG_5768.webp?alt=media&token=f78f35cd-8871-48c6-ae59-4debfe07a779, https://firebasestorage.googleapis.com/v0/b/air-reviews.appspot.com/o/submitReview%2FReBzPOMbwJOuBPUUG09U%2F1728244891485_IMG_5767.webp?alt=media&token=1d9aaba6-39d6-467d-8ee9-6ec1f4f6c2dd",2024-10-06T20:02:16.042Z,5,The Revo Cup Max,,https://skinitii.com/products/the-revo-cup-max,the-revo-cup-max-1,IT
23,Very practical and comfortable for muscle tension,,8682592272606,published,Joseph,https://firebasestorage.googleapis.com/v0/b/air-reviews.appspot.com/o/submitReview%2FReBzPOMbwJOuBPUUG09U%2F1726913034272_IMG_5134.webp?alt=media&token=4a3a375e-bc4d-4681-9032-1530e27353e0,2024-09-21T10:04:23.057Z,5,The Revo Cup Max,,https://skinitii.com/products/the-revo-cup-max,the-revo-cup-max-1,IT
24,Amazing,Reine_27@hotmail.com,8205978239198,published,Reine,,2024-01-23T09:27:26.624Z,4,The Revo Cup,,https://0a8e61-3.myshopify.com/products/the-cup,the-revu-cup,LB
25,"The pressure is way more than you think, as someone not used to this i was very scared at first. Took me a while to understand how to use it and to get used to it, but now i find it very good.",,8205978239198,published,Sana,https://firebasestorage.googleapis.com/v0/b/air-reviews.appspot.com/o/submitReview%2FReBzPOMbwJOuBPUUG09U%2F1703583745396_IMG_9500.webp?alt=media&token=786b034f-43d4-403c-a125-2f56b9168814,2023-12-19T00:00:00.000Z,4,The Revo Cup,,https://0a8e61-3.myshopify.com/products/the-cup,the-revu-cup,FR
26,"Ordered 2, works exactly like normal cupping therapy, even better.",,8205978239198,published,Ali,https://firebasestorage.googleapis.com/v0/b/air-reviews.appspot.com/o/submitReview%2FReBzPOMbwJOuBPUUG09U%2F1703583783515_IMG_9499.webp?alt=media&token=c9467e22-54e7-48b1-90c2-8c307c9750fa,2023-12-15T00:00:00.000Z,5,The Revo Cup,,https://0a8e61-3.myshopify.com/products/the-cup,the-revu-cup,FR
27,"I have to say i am pretty impressed with how much customer service helped me as well. I am using it for pain relief and muscle tension, and i am liking it. I always did cupping therapy and i highly recommend this product for however is used to it as well.",,8205978239198,published,Fady ,"https://firebasestorage.googleapis.com/v0/b/air-reviews.appspot.com/o/submitReview%2FReBzPOMbwJOuBPUUG09U%2F1701258049438_IMG_8692.webp?alt=media&token=c042bfc4-e46c-4c2c-ba43-0208cb6ab504, https://firebasestorage.googleapis.com/v0/b/air-reviews.appspot.com/o/submitReview%2FReBzPOMbwJOuBPUUG09U%2F1701258049439_IMG_8693.webp?alt=media&token=505ac1b8-0a33-41ea-a6d1-660418eb5f3a",2023-11-30T00:00:00.000Z,5,The Revo Cup,,https://0a8e61-3.myshopify.com/products/the-cup,the-revu-cup,IT
28,I love it. Amazing for back pain and muscle recovery! I lift weights and this is essential for me.,,8205978239198,published,David,https://firebasestorage.googleapis.com/v0/b/air-reviews.appspot.com/o/submitReview%2FReBzPOMbwJOuBPUUG09U%2F1701258398388_IMG_8691.webp?alt=media&token=013b797a-9a0d-48d6-b92a-65c10c370f41,2023-11-29T11:47:10.402Z,5,The Revo Cup,,https://0a8e61-3.myshopify.com/products/the-cup,the-revu-cup,IT
29,"Everything good, nice packaging. I tried it for 2 minutes the suction is very strong i‚Äôm impressed.",,8205978239198,published,Sahar,https://firebasestorage.googleapis.com/v0/b/air-reviews.appspot.com/o/submitReview%2FReBzPOMbwJOuBPUUG09U%2F1701258221035_IMG_8690.webp?alt=media&token=7aaee4cd-386f-4860-a0e4-9ced16569016,2023-11-24T00:00:00.000Z,5,The Revo Cup,,https://0a8e61-3.myshopify.com/products/the-cup,the-revu-cup,IT
30,"Love this product, I bought it on a whim to help muscles and love it more than I thought. It has helped my knee and leg pain. ktir bonsahkon",,8205978239198,published,Charbel,https://firebasestorage.googleapis.com/v0/b/air-reviews.appspot.com/o/submitReview%2FReBzPOMbwJOuBPUUG09U%2F1700935037563_Screenshot%202023-11-25%20at%2018.56.24.webp?alt=media&token=efe830ee-0df4-4b22-b215-518f251f7396,2023-11-23T00:00:00.000Z,5,The Revo Cup,,https://0a8e61-3.myshopify.com/products/the-cup,the-revu-cup,IT
31,im asian(super love acupunture treatment) im so happy to find this in Lebanon. buy this and use it. good for ur body.,,8205978239198,published,Seychee,https://firebasestorage.googleapis.com/v0/b/air-reviews.appspot.com/o/submitReview%2FReBzPOMbwJOuBPUUG09U%2F1700934832965_61PCsjRxPqL._SL1600_.webp?alt=media&token=bdc0599b-0d7d-40c5-bd82-71b4ac9efb5e,2023-11-22T00:00:00.000Z,5,The Revo Cup,,https://0a8e61-3.myshopify.com/products/the-cup,the-revu-cup,IT
32,I love it! ive been using it for 2 weeks for cellulite reduction and it really has been amazing.,,8205978239198,published,Claritta,https://firebasestorage.googleapis.com/v0/b/air-reviews.appspot.com/o/submitReview%2FReBzPOMbwJOuBPUUG09U%2F1700934668756_717a9dMVGgL._SL1600_.webp?alt=media&token=25461641-fda4-44f8-834f-eae5f57a49bf,2023-11-17T00:00:00.000Z,5,The Revo Cup,,https://0a8e61-3.myshopify.com/products/the-cup,the-revu-cup,IT
